,State,Year,TempSummer,TempWinter
0,AK,1996,55.0,31.32
1,AK,1997,53.38696969696969,27.537820512820513
2,AK,1998,53.293705024097186,17.716719576719573
3,AK,1999,54.316564564564565,8.30572889963134
4,AK,2000,52.225,20.12325581395349
5,AK,2001,53.2878393570254,15.282610993657508
6,AK,2002,54.824999999999996,13.75952380952381
7,AK,2003,52.30232558139534,12.611627906976743
8,AK,2004,58.32727272727273,15.888372093023259
9,AK,2005,54.7939091915836,16.910694150810432
10,AK,2006,55.58421052631579,3.6500000000000012
11,AK,2007,52.64878048780488,9.279069767441861
12,AK,2008,53.36829268292683,7.904878048780488
13,AK,2009,53.739657651678556,11.596736675700091
14,AK,2010,51.26546578956385,14.299109351806038
15,AK,2011,52.65565217391305,21.36125364031932
16,AK,2012,52.68840067340068,7.825705279747832
17,AK,2013,55.79766233766235,15.731509295857121
18,AK,2014,53.35281922569157,18.54113433991483
19,AK,2015,54.67323361118512,16.39704196217494
20,AK,2016,56.16227208848996,19.93927316644708
21,AL,1996,80.23333333333333,50.260000000000005
22,AL,1997,78.34285714285714,47.413333333333334
23,AL,1998,81.32962962962962,50.230952380952395
24,AL,1999,77.23696969696971,49.48484848484849
25,AL,2000,82.17272727272727,39.21666666666666
26,AL,2001,78.58717948717948,48.401282051282045
27,AL,2002,81.04615384615384,46.10000000000001
28,AL,2003,76.4846153846154,44.94615384615385
29,AL,2004,80.11538461538461,45.892307692307696
30,AL,2005,80.33846153846154,48.843589743589746
31,AL,2006,79.86794871794872,51.11196581196581
32,AL,2007,85.66666666666667,46.78571428571428
33,AL,2008,81.5,44.94705882352941
34,AL,2009,77.64395424836603,49.168426916221044
35,AL,2010,81.19287439613527,45.23315217391305
36,AL,2011,79.05754830917874,47.61284584980237
37,AL,2012,79.60621980676328,52.31791567852438
38,AL,2013,78.85852287581697,50.14431818181817
39,AL,2014,78.70677777777776,45.638086611456174
40,AL,2015,80.96203703703704,49.144602495543666
41,AL,2016,81.51873913043478,48.16444444444445
42,AR,1996,79.7,46.900000000000006
43,AR,1997,78.0888888888889,42.92222222222222
44,AR,1998,82.64444444444443,47.56666666666666
45,AR,1999,79.91909090909091,46.05172558922559
46,AR,2000,79.98181818181818,32.03333333333333
47,AR,2001,79.65333333333332,41.48444444444445
48,AR,2002,80.96000000000001,39.0
49,AR,2003,73.61176470588236,39.53124999999999
50,AR,2004,78.32941176470591,39.247058823529414
51,AR,2005,80.69529411764707,46.32732843137256
52,AR,2006,82.16470588235292,41.470588235294116
53,AR,2007,83.2,42.482352941176465
54,AR,2008,81.3941176470588,39.05882352941176
55,AR,2009,75.36209150326799,44.54733893557423
56,AR,2010,80.72549019607844,42.20196078431373
57,AR,2011,84.18511904761907,41.791666666666664
58,AR,2012,81.66237745098039,46.4579656862745
59,AR,2013,78.3173202614379,43.29252450980392
60,AR,2014,76.2562091503268,39.67962962962962
61,AR,2015,80.09738562091503,42.51350762527233
62,AR,2016,81.3029411764706,43.86877228163993
63,AZ,1996,83.31428571428572,44.21666666666667
64,AZ,1997,76.73571428571428,43.280952380952385
65,AZ,1998,73.62824074074075,43.94166666666666
66,AZ,1999,76.91517094017094,44.7945868945869
67,AZ,2000,80.83846153846154,42.97857142857142
68,AZ,2001,77.84761904761903,40.32142857142858
69,AZ,2002,80.12666666666667,46.23698412698413
70,AZ,2003,77.28666666666666,39.00666666666667
71,AZ,2004,80.42666666666668,41.84000000000001
72,AZ,2005,78.57142857142857,47.0
73,AZ,2006,78.27638888888889,45.18956699346406
74,AZ,2007,80.03124999999999,43.5
75,AZ,2008,81.70588235294119,41.16470588235295
76,AZ,2009,79.57411764705881,47.19867202729045
77,AZ,2010,79.99666666666666,45.610717234262125
78,AZ,2011,80.63517543859648,45.15412280701755
79,AZ,2012,79.01473684210526,48.61140350877192
80,AZ,2013,81.13849902534115,42.34105263157894
81,AZ,2014,80.23535087719297,48.572953216374266
82,AZ,2015,79.18203703703703,45.76867102396513
83,AZ,2016,81.14458204334365,47.72776315789474
84,CA,1996,79.1125,48.65
85,CA,1997,72.42875,49.99837535014006
86,CA,1998,71.82384643779993,47.82669444444445
87,CA,1999,69.6861111111111,50.07026630297852
88,CA,2000,70.05789473684214,50.10468750000001
89,CA,2001,71.5023474178404,48.4453655264923
90,CA,2002,73.51408450704227,47.45774647887323
91,CA,2003,69.11408450704228,49.454285714285724
92,CA,2004,73.91,49.41690140845072
93,CA,2005,72.4807429029304,51.719084249084254
94,CA,2006,73.93211788211788,49.63748858447488
95,CA,2007,75.06666666666668,48.56470588235294
96,CA,2008,75.15714285714284,47.96124999999999
97,CA,2009,72.1936227093967,52.01642121762354
98,CA,2010,71.63366957743652,51.542687270535374
99,CA,2011,73.14020021645022,50.73622890295358
100,CA,2012,74.11518987341772,52.8490565090836
101,CA,2013,73.87462719298244,49.34365740740741
102,CA,2014,74.71303886172306,55.50787485384577
103,CA,2015,75.4549115648529,52.11156066156065
104,CA,2016,74.59577461221905,52.60142978096195
105,CO,1996,72.75833333333334,29.53076923076923
106,CO,1997,68.84083333333334,28.249519230769234
107,CO,1998,66.7734778121775,31.708333333333332
108,CO,1999,67.26416666666667,33.382017543859654
109,CO,2000,69.34,25.860000000000003
110,CO,2001,70.175,26.63190476190476
111,CO,2002,70.4095238095238,25.952380952380945
112,CO,2003,63.25714285714285,27.942857142857147
113,CO,2004,69.31428571428572,27.547619047619047
114,CO,2005,69.09833333333333,32.46666666666667
115,CO,2006,67.43309523809523,31.087301587301585
116,CO,2007,66.62380952380953,23.61363636363636
117,CO,2008,73.09999999999998,21.904545454545453
118,CO,2009,67.07124542124542,29.11842857142857
119,CO,2010,69.02384615384615,29.11178821178821
120,CO,2011,68.80326495726497,24.463897435897433
121,CO,2012,71.5428717948718,31.966239316239314
122,CO,2013,70.05,24.344307692307694
123,CO,2014,67.8355175688509,28.09615384615385
124,CO,2015,68.23953846153846,30.426388888888884
125,CO,2016,69.45466666666665,28.15340350877193
126,CT,1996,71.43333333333332,36.96666666666666
127,CT,1997,70.22777777777777,32.13055555555555
128,CT,1998,70.2,35.85
129,CT,1999,66.16333333333334,31.853333333333335
130,CT,2000,68.85714285714286,27.428571428571427
131,CT,2001,69.10952380952382,32.051785714285714
132,CT,2002,73.8,34.5
133,CT,2003,65.5125,24.675
134,CT,2004,71.5625,27.799999999999997
135,CT,2005,72.04662698412697,29.077976190476193
136,CT,2006,72.32083333333333,34.704166666666666
137,CT,2007,67.8375,25.8125
138,CT,2008,74.83749999999999,31.275
139,CT,2009,68.76666666666665,29.07202380952381
140,CT,2010,73.52499999999999,30.087499999999995
141,CT,2011,72.125,30.554166666666664
142,CT,2012,72.32916666666667,35.758333333333326
143,CT,2013,72.2625,32.858333333333334
144,CT,2014,70.44166666666666,29.54583333333333
145,CT,2015,72.1875,24.76666666666667
146,CT,2016,73.65083333333334,33.175000000000004
147,DC,1996,72.9,38.3
148,DC,1997,72.86666666666666,36.733333333333334
149,DC,1998,76.31666666666668,41.66666666666667
150,DC,1999,76.2,38.65
151,DC,2000,73.25,29.8
152,DC,2001,72.86666666666666,38.96666666666666
153,DC,2002,79.5,40.35
154,DC,2003,70.35,15.15
155,DC,2004,77.25,36.6
156,DC,2005,77.55,40.449999999999996
157,DC,2006,79.55000000000001,37.3
158,DC,2007,75.35,15.45
159,DC,2008,78.8,37.75
160,DC,2009,74.71666666666668,34.96666666666667
161,DC,2010,79.53333333333333,38.8
162,DC,2011,78.78333333333333,38.35
163,DC,2012,78.48333333333333,41.88333333333333
164,DC,2013,76.7,39.24999999999999
165,DC,2014,75.45,36.21666666666667
166,DC,2015,77.14999999999999,34.43333333333333
167,DC,2016,78.95,37.199999999999996
168,DE,1996,74.2,39.2
169,DE,1997,72.63333333333334,36.06666666666666
170,DE,1998,74.05,40.78333333333333
171,DE,1999,75.51666666666667,38.31666666666666
172,DE,2000,72.7,30.85
173,DE,2001,71.68333333333334,38.46666666666667
174,DE,2002,78.1,18.9
175,DE,2003,69.8,31.75
176,DE,2004,76.05000000000001,36.0
177,DE,2005,75.91666666666667,34.666666666666664
178,DE,2006,78.3,36.75
179,DE,2007,72.75,29.25
180,DE,2008,78.05,36.400000000000006
181,DE,2009,74.23333333333333,35.23333333333333
182,DE,2010,78.21666666666665,38.06666666666666
183,DE,2011,76.71666666666667,36.78333333333333
184,DE,2012,77.0,40.733333333333334
185,DE,2013,75.7,38.03333333333333
186,DE,2014,73.93333333333334,31.899999999999995
187,DE,2015,75.26666666666667,32.416666666666664
188,DE,2016,76.88333333333334,36.63333333333333
189,FL,1996,80.89999999999999,57.595454545454544
190,FL,1997,77.50613636363636,56.37495543672014
191,FL,1998,80.94865754317367,61.08835978835979
192,FL,1999,82.06995059575705,64.10588400900902
193,FL,2000,82.77567567567566,59.097297297297295
194,FL,2001,80.85137201979308,62.997107633949746
195,FL,2002,82.05000000000001,61.28461538461537
196,FL,2003,79.035,57.6625
197,FL,2004,82.66,60.292500000000004
198,FL,2005,83.428495995996,63.737500000000004
199,FL,2006,80.06214995483289,61.383611111111115
200,FL,2007,84.9,57.82727272727271
201,FL,2008,82.24375,59.70000000000002
202,FL,2009,82.10272108843539,60.242757936507935
203,FL,2010,84.13622931442082,58.27652337530757
204,FL,2011,82.84366188504386,61.83549054373521
205,FL,2012,81.97483297358411,64.03477274967959
206,FL,2013,81.50714044483041,65.72925170068027
207,FL,2014,82.48874014972421,61.25998389694041
208,FL,2015,83.20195286195288,63.912977602108036
209,FL,2016,83.62156673114121,62.859532287378066
210,GA,1996,78.34,49.25
211,GA,1997,71.20378787878788,47.74757575757576
212,GA,1998,80.7939393939394,49.31424242424242
213,GA,1999,78.4211111111111,50.57222222222222
214,GA,2000,80.76923076923077,38.79999999999999
215,GA,2001,78.7078431372549,48.65392156862745
216,GA,2002,79.66666666666667,48.747058823529414
217,GA,2003,76.3941176470588,44.20588235294118
218,GA,2004,80.71764705882352,46.08823529411764
219,GA,2005,79.85222222222222,50.194117647058825
220,GA,2006,79.09705882352941,51.99411764705883
221,GA,2007,83.69999999999999,48.01764705882352
222,GA,2008,80.48823529411764,44.594117647058816
223,GA,2009,77.23081232492997,47.0201680672269
224,GA,2010,81.22857142857144,46.08636788048553
225,GA,2011,80.2079365079365,48.842857142857135
226,GA,2012,79.55555555555554,52.02222222222223
227,GA,2013,78.76563958916901,51.083492063492066
228,GA,2014,78.59579365079365,47.228968253968254
229,GA,2015,80.8384126984127,48.95244047619048
230,GA,2016,82.28898225957049,49.461111111111116
231,HI,1996,80.4,72.3
232,HI,1997,79.2,52.4
233,HI,1998,78.26,72.11999999999999
234,HI,1999,76.83412698412698,72.23
235,HI,2000,79.38571428571427,64.88571428571429
236,HI,2001,79.55714285714286,73.40476190476191
237,HI,2002,80.11428571428571,71.6
238,HI,2003,78.47142857142856,72.1857142857143
239,HI,2004,80.54285714285716,73.77142857142857
240,HI,2005,79.86666666666666,68.50396825396825
241,HI,2006,78.8142857142857,72.77142857142857
242,HI,2007,79.72222222222223,72.44285714285715
243,HI,2008,78.39,70.72999999999999
244,HI,2009,79.68703703703704,72.48006734006732
245,HI,2010,75.36969696969696,70.82984848484848
246,HI,2011,75.32484848484849,68.95378787878788
247,HI,2012,78.6452380952381,70.64388888888888
248,HI,2013,79.2425925925926,73.21964285714286
249,HI,2014,80.34497354497354,72.91851851851852
250,HI,2015,81.5642857142857,73.58148148148149
251,HI,2016,80.5827380952381,73.81142857142856
252,IA,1996,70.325,19.575
253,IA,1997,71.18055555555556,22.464529914529916
254,IA,1998,71.72435897435896,29.174358974358977
255,IA,1999,72.34636752136753,26.047785547785548
256,IA,2000,66.38461538461539,10.620000000000001
257,IA,2001,72.0311111111111,23.504444444444445
258,IA,2002,73.17333333333333,30.113333333333333
259,IA,2003,68.18666666666665,20.273333333333333
260,IA,2004,70.49333333333333,23.493333333333336
261,IA,2005,73.61025641025641,24.31555555555555
262,IA,2006,72.53333333333335,31.58111111111111
263,IA,2007,72.3,15.373333333333335
264,IA,2008,73.43333333333335,17.466666666666665
265,IA,2009,66.04041666666667,20.47652777777778
266,IA,2010,73.81319444444443,16.930277777777775
267,IA,2011,73.86916666666666,22.991666666666664
268,IA,2012,74.81458333333335,28.462500000000002
269,IA,2013,71.57097222222222,24.39791666666667
270,IA,2014,67.85097222222221,19.820833333333336
271,IA,2015,70.91708333333334,25.01097222222222
272,IA,2016,73.13333333333333,24.772222222222222
273,ID,1996,70.9,30.025
274,ID,1997,62.457142857142856,30.76845238095238
275,ID,1998,65.8130303030303,30.76984126984127
276,ID,1999,64.68030303030304,31.52383838383838
277,ID,2000,68.53333333333335,23.72307692307692
278,ID,2001,64.55128205128206,22.933333333333334
279,ID,2002,71.28461538461538,23.084615384615386
280,ID,2003,60.56153846153846,28.561538461538458
281,ID,2004,69.08461538461538,27.915384615384614
282,ID,2005,64.95666666666666,26.75641025641026
283,ID,2006,66.31944444444444,28.71773504273504
284,ID,2007,67.3,25.549999999999997
285,ID,2008,68.65384615384616,21.0
286,ID,2009,65.4562393162393,26.80225885225885
287,ID,2010,64.18444444444445,29.409743589743588
288,ID,2011,66.46126984126984,24.99555555555556
289,ID,2012,67.90031746031747,31.404444444444447
290,ID,2013,68.81777777777778,22.86
291,ID,2014,66.76666666666667,29.50222222222222
292,ID,2015,68.67846153846155,28.30888888888889
293,ID,2016,66.71094017094016,29.594444444444445
294,IL,1996,72.61666666666666,28.571428571428573
295,IL,1997,71.63333333333333,27.509523809523813
296,IL,1998,73.50363247863247,33.86730769230769
297,IL,1999,74.12380952380953,31.061111111111106
298,IL,2000,72.14,16.86470588235294
299,IL,2001,73.00980392156862,29.65490196078431
300,IL,2002,75.14901960784313,34.11960784313726
301,IL,2003,67.2235294117647,23.63529411764706
302,IL,2004,72.21176470588235,29.729411764705883
303,IL,2005,75.46862745098038,32.13725490196078
304,IL,2006,73.7343137254902,35.064052287581696
305,IL,2007,74.6,21.905882352941177
306,IL,2008,73.87058823529412,25.599999999999994
307,IL,2009,67.79504643962848,26.2937048503612
308,IL,2010,75.92456140350878,23.811971104231162
309,IL,2011,75.32465886939572,29.05438596491228
310,IL,2012,76.09649122807016,34.05964912280702
311,IL,2013,72.05108359133128,30.027192982456143
312,IL,2014,69.39999999999999,23.299013157894734
313,IL,2015,72.39442724458205,26.866976264189883
314,IL,2016,75.10877192982456,28.79035087719298
315,IN,1996,73.56000000000002,32.5
316,IN,1997,71.03333333333333,29.603968253968258
317,IN,1998,70.22333333333333,36.2258658008658
318,IN,1999,71.65303030303029,32.03383838383838
319,IN,2000,64.16363636363636,18.733333333333334
320,IN,2001,72.15277777777777,32.26111111111111
321,IN,2002,77.21666666666665,34.8
322,IN,2003,67.84166666666665,25.49166666666667
323,IN,2004,71.95833333333333,30.29166666666667
324,IN,2005,74.78814814814815,30.652777777777782
325,IN,2006,72.51944444444443,36.633333333333326
326,IN,2007,73.6,22.118181818181817
327,IN,2008,73.95833333333333,27.36666666666667
328,IN,2009,67.83611111111111,27.63888888888889
329,IN,2010,75.82222222222224,24.88888888888889
330,IN,2011,75.22929292929292,30.236111111111114
331,IN,2012,75.53333333333335,35.080555555555556
332,IN,2013,72.17500000000001,32.29848484848485
333,IN,2014,69.01666666666667,25.169191919191917
334,IN,2015,72.01666666666667,27.122222222222224
335,IN,2016,74.03796296296296,30.555555555555557
336,KS,1996,77.38888888888889,32.43888888888889
337,KS,1997,75.66833333333334,32.391729323308276
338,KS,1998,77.74587301587302,36.05829725829725
339,KS,1999,75.91003367003367,36.7020202020202
340,KS,2000,78.87727272727274,22.795454545454543
341,KS,2001,77.90606060606062,32.628787878787875
342,KS,2002,81.06818181818181,34.29090909090908
343,KS,2003,71.23636363636363,31.25454545454545
344,KS,2004,75.90909090909092,32.39545454545455
345,KS,2005,77.83973684210527,33.95119617224881
346,KS,2006,80.42727272727272,41.68787878787879
347,KS,2007,83.1,30.082608695652173
348,KS,2008,79.33913043478262,30.382608695652173
349,KS,2009,75.52715151515152,35.63895652173913
350,KS,2010,80.07466666666667,29.80023188405797
351,KS,2011,82.66025396825397,31.057333333333332
352,KS,2012,80.50138888888888,39.830555555555556
353,KS,2013,77.04343434343434,34.789898989898994
354,KS,2014,74.79722222222222,33.055314009661835
355,KS,2015,77.50151515151516,37.04921497584541
356,KS,2016,79.02474747474749,37.43838566827697
357,KY,1996,74.92857142857143,40.262499999999996
358,KY,1997,73.57083333333334,36.725
359,KY,1998,75.33095238095238,43.5375
360,KY,1999,73.33055555555556,39.14583333333333
361,KY,2000,74.76249999999999,23.31111111111111
362,KY,2001,73.15185185185186,38.10740740740741
363,KY,2002,77.60370370370369,39.03703703703704
364,KY,2003,69.43333333333334,32.64444444444444
365,KY,2004,74.64444444444445,36.56666666666667
366,KY,2005,76.55185185185185,40.24444444444445
367,KY,2006,75.62592592592593,42.94629629629629
368,KY,2007,82.9,29.91111111111111
369,KY,2008,76.56666666666666,33.55555555555556
370,KY,2009,71.04276094276095,35.341750841750844
371,KY,2010,78.68484848484847,29.51582491582491
372,KY,2011,77.37878787878788,37.06666666666667
373,KY,2012,77.15757575757576,41.160606060606064
374,KY,2013,74.56350168350168,37.842424242424244
375,KY,2014,72.83333333333333,33.35454545454545
376,KY,2015,75.42916666666667,34.92626262626263
377,KY,2016,76.93030303030302,36.48316498316499
378,LA,1996,82.16666666666666,55.03333333333334
379,LA,1997,81.20873015873015,51.462698412698415
380,LA,1998,84.3569696969697,55.03888888888889
381,LA,1999,81.47487179487179,54.217929292929284
382,LA,2000,78.3,41.964285714285715
383,LA,2001,81.3021978021978,52.03919413919414
384,LA,2002,82.82142857142858,49.83571428571428
385,LA,2003,77.8,50.800000000000004
386,LA,2004,82.52857142857144,51.221428571428575
387,LA,2005,83.3280303030303,54.99960317460317
388,LA,2006,81.2908547008547,57.16388888888889
389,LA,2007,85.16,52.019999999999996
390,LA,2008,83.65624999999999,49.9
391,LA,2009,82.83677559912853,53.78888888888889
392,LA,2010,83.09327485380116,49.5204678362573
393,LA,2011,83.05236842105263,51.56666666666666
394,LA,2012,82.59122807017543,56.97719298245614
395,LA,2013,82.12543859649124,53.41228070175438
396,LA,2014,81.08976608187135,50.18216374269006
397,LA,2015,83.4974537037037,52.490348583877996
398,LA,2016,83.33316498316499,53.97142857142857
399,MA,1996,69.17142857142856,37.114285714285714
400,MA,1997,67.91011904761905,30.79380952380953
401,MA,1998,68.15178571428572,34.64675716440423
402,MA,1999,70.1105263157895,31.13095975232198
403,MA,2000,67.15263157894738,26.673684210526318
404,MA,2001,66.72807017543862,30.103508771929825
405,MA,2002,71.59473684210526,33.300000000000004
406,MA,2003,63.484210526315806,23.46842105263158
407,MA,2004,69.2421052631579,29.042105263157897
408,MA,2005,69.34035087719298,27.537719298245616
409,MA,2006,73.5,27.489473684210523
410,MA,2007,63.936842105263146,24.084210526315786
411,MA,2008,72.72631578947369,29.63157894736842
412,MA,2009,66.53148148148148,27.383132668271987
413,MA,2010,71.30925925925926,29.237037037037044
414,MA,2011,69.84259259259261,29.65925925925926
415,MA,2012,70.2388888888889,34.52690058479532
416,MA,2013,70.2962962962963,30.188888888888886
417,MA,2014,68.26326109391124,28.813157894736843
418,MA,2015,69.93274853801171,23.709746588693957
419,MA,2016,70.83396686159844,31.62309368191721
420,MD,1996,74.3,39.6
421,MD,1997,50.43333333333334,45.6
422,MD,1998,75.85000000000001,41.67777777777778
423,MD,1999,75.8611111111111,37.25555555555555
424,MD,2000,72.575,23.925
425,MD,2001,71.35333333333334,41.38333333333333
426,MD,2002,78.05999999999999,39.86
427,MD,2003,69.72,31.880000000000003
428,MD,2004,76.47999999999999,35.22
429,MD,2005,76.29833333333333,39.46666666666666
430,MD,2006,75.05555555555556,41.97333333333333
431,MD,2007,82.4,30.2
432,MD,2008,76.68888888888888,36.45
433,MD,2009,73.9074074074074,35.114814814814814
434,MD,2010,78.33703703703704,37.62592592592593
435,MD,2011,77.57407407407409,37.644444444444446
436,MD,2012,77.41435185185185,42.09861111111112
437,MD,2013,75.63287037037037,38.927513227513224
438,MD,2014,74.35416666666667,35.30416666666667
439,MD,2015,75.6672619047619,33.4827380952381
440,MD,2016,77.78750000000001,37.76130952380952
441,ME,1996,65.34,29.45
442,ME,1997,64.26666666666667,19.711111111111112
443,ME,1998,64.70833333333333,23.974999999999998
444,ME,1999,66.425,21.612499999999997
445,ME,2000,64.25,18.833333333333332
446,ME,2001,64.13333333333333,20.416666666666668
447,ME,2002,67.92999999999999,21.869999999999997
448,ME,2003,62.44000000000001,13.530000000000001
449,ME,2004,66.30000000000001,19.79
450,ME,2005,64.00833333333334,18.41166666666667
451,ME,2006,65.02,23.333333333333332
452,ME,2007,64.95,13.927272727272726
453,ME,2008,69.28181818181817,19.863636363636363
454,ME,2009,62.75151515151514,17.832634032634033
455,ME,2010,66.41722222222222,24.15833333333333
456,ME,2011,65.18055555555556,19.694444444444443
457,ME,2012,66.24166666666667,22.166666666666668
458,ME,2013,65.41833333333334,18.416666666666668
459,ME,2014,65.62222222222222,19.555555555555557
460,ME,2015,65.76166666666667,13.944444444444443
461,ME,2016,65.9530303030303,26.679166666666664
462,MI,1996,69.71249999999999,27.640000000000004
463,MI,1997,66.16060606060607,23.98181818181818
464,MI,1998,67.62563596491228,30.613308913308913
465,MI,1999,68.66240165631469,24.914441406546672
466,MI,2000,66.85000000000001,17.274074074074072
467,MI,2001,64.89506172839506,26.179012345679013
468,MI,2002,72.85925925925925,27.922222222222217
469,MI,2003,62.66296296296296,18.022222222222222
470,MI,2004,67.23703703703703,23.92222222222223
471,MI,2005,64.16244444444443,23.546123456790124
472,MI,2006,68.0832167832168,29.37441077441078
473,MI,2007,67.82857142857144,17.144444444444442
474,MI,2008,69.24074074074073,20.47407407407408
475,MI,2009,64.58243114909781,21.34043209876543
476,MI,2010,70.11499118165784,23.895017636684305
477,MI,2011,69.42791005291004,24.13963844797178
478,MI,2012,70.7272045855379,29.60864501611628
479,MI,2013,67.64074074074074,27.249542124542128
480,MI,2014,64.21082621082623,17.49408641975309
481,MI,2015,67.1095102428436,19.56036494369828
482,MI,2016,69.64478653530377,25.85816239316239
483,MN,1996,68.0,9.33
484,MN,1997,61.96666666666667,14.895555555555559
485,MN,1998,66.88867521367521,21.860819735819735
486,MN,1999,67.2991008991009,18.143589743589743
487,MN,2000,68.45384615384617,3.6333333333333333
488,MN,2001,63.86666666666667,16.480952380952377
489,MN,2002,71.70666666666666,19.526666666666664
490,MN,2003,63.22,10.680000000000001
491,MN,2004,66.88000000000001,17.546666666666667
492,MN,2005,68.9361111111111,16.444040404040404
493,MN,2006,67.08166666666666,22.418333333333337
494,MN,2007,66.35999999999999,10.233333333333333
495,MN,2008,69.01333333333334,8.6
496,MN,2009,64.22222222222221,11.193333333333333
497,MN,2010,68.54791666666667,12.898333333333333
498,MN,2011,68.6111111111111,15.108333333333333
499,MN,2012,69.57916666666667,23.56041666666667
500,MN,2013,67.57513888888887,15.602083333333333
501,MN,2014,64.66458333333334,9.990384615384615
502,MN,2015,66.94500000000001,17.516369047619047
503,MN,2016,67.89761904761905,17.02486111111111
504,MO,1996,75.7,33.9375
505,MO,1997,74.93636363636365,32.80705128205128
506,MO,1998,76.18529411764706,37.90317460317461
507,MO,1999,76.62361111111112,36.597494553376904
508,MO,2000,76.0,21.28235294117647
509,MO,2001,76.6,33.970588235294116
510,MO,2002,75.77777777777777,35.6764705882353
511,MO,2003,70.20555555555555,31.18333333333333
512,MO,2004,75.01666666666667,33.038888888888884
513,MO,2005,78.01960784313724,35.87407407407407
514,MO,2006,77.31851851851852,40.56481481481482
515,MO,2007,81.85,31.127777777777776
516,MO,2008,77.85555555555555,30.755555555555556
517,MO,2009,71.34239766081872,32.60035546382296
518,MO,2010,79.33430799220271,28.314619883040933
519,MO,2011,80.3,32.459649122807015
520,MO,2012,79.45087719298245,38.56588693957116
521,MO,2013,75.48060428849904,35.55438596491228
522,MO,2014,72.99649122807018,29.871929824561402
523,MO,2015,76.24649122807017,35.01362229102167
524,MO,2016,78.5372180451128,34.49707602339182
525,MS,1996,80.71666666666667,49.93333333333333
526,MS,1997,78.71031746031746,47.0
527,MS,1998,78.20079365079364,50.23809523809524
528,MS,1999,80.11666666666667,52.27238095238095
529,MS,2000,83.01111111111112,40.919999999999995
530,MS,2001,77.15909090909092,50.307575757575755
531,MS,2002,81.70909090909092,47.027272727272724
532,MS,2003,77.87272727272729,46.154545454545456
533,MS,2004,80.57272727272726,47.627272727272725
534,MS,2005,81.52666666666667,51.51818181818182
535,MS,2006,80.64242424242424,52.71666666666667
536,MS,2007,84.76666666666667,49.89166666666667
537,MS,2008,82.75,45.333333333333336
538,MS,2009,78.43974358974359,49.6681623931624
539,MS,2010,81.89465811965812,46.11282051282051
540,MS,2011,80.1076923076923,47.94871794871795
541,MS,2012,80.6025641025641,53.1948717948718
542,MS,2013,79.46260683760683,50.03098290598291
543,MS,2014,79.15641025641025,46.325641025641026
544,MS,2015,81.68653846153846,47.991452991453
545,MS,2016,82.71816239316239,50.13352758352759
546,MT,1996,68.2,16.025
547,MT,1997,61.133333333333326,22.076666666666664
548,MT,1998,65.8330303030303,24.24691919191919
549,MT,1999,61.493686868686865,27.858333333333334
550,MT,2000,70.58333333333333,15.2875
551,MT,2001,66.77058823529411,24.49607843137255
552,MT,2002,71.21764705882353,19.9
553,MT,2003,60.341176470588245,20.21764705882353
554,MT,2004,68.16470588235295,23.776470588235295
555,MT,2005,64.65416666666668,22.33394607843137
556,MT,2006,69.83888888888889,30.014583333333338
557,MT,2007,67.2,23.276470588235295
558,MT,2008,69.16666666666669,15.377777777777775
559,MT,2009,64.30555555555556,23.564926470588237
560,MT,2010,63.709523809523795,21.464145658263305
561,MT,2011,65.89684210526316,21.106349206349208
562,MT,2012,67.48571428571428,26.837936507936508
563,MT,2013,66.78333333333332,23.096825396825395
564,MT,2014,65.00833333333333,23.101031746031747
565,MT,2015,67.3947987616099,26.106666666666666
566,MT,2016,66.30037037037037,25.803921568627448
567,NC,1996,75.60000000000001,47.275
568,NC,1997,75.04583333333333,44.34722222222222
569,NC,1998,78.29333333333334,46.54563492063492
570,NC,1999,77.41554232804232,48.80925925925926
571,NC,2000,76.79473684210525,36.67
572,NC,2001,74.39833333333334,45.85166666666667
573,NC,2002,80.195,43.14999999999999
574,NC,2003,74.02105263157895,41.775000000000006
575,NC,2004,79.075,42.325
576,NC,2005,78.49407407407408,46.41850877192982
577,NC,2006,76.27611111111112,47.562777777777775
578,NC,2007,81.97999999999999,41.849999999999994
579,NC,2008,78.77391304347825,42.65652173913043
580,NC,2009,76.11976911976912,42.58972332015811
581,NC,2010,79.81792929292929,41.64578392621871
582,NC,2011,79.8013888888889,44.451388888888886
583,NC,2012,77.5138888888889,47.357548309178746
584,NC,2013,76.90176218708827,45.172222222222224
585,NC,2014,76.72430830039526,42.65592885375494
586,NC,2015,78.97653554175294,43.607180500658764
587,NC,2016,79.97684626586228,43.08080808080808
588,ND,1996,70.925,6.425000000000001
589,ND,1997,68.64166666666665,15.791666666666666
590,ND,1998,68.76333333333334,19.517777777777777
591,ND,1999,66.78777777777776,18.53888888888889
592,ND,2000,70.51666666666667,4.042857142857143
593,ND,2001,68.28518518518518,16.62857142857143
594,ND,2002,72.84444444444445,17.244444444444447
595,ND,2003,62.44444444444444,9.666666666666666
596,ND,2004,67.83333333333333,15.655555555555557
597,ND,2005,67.42962962962963,17.262962962962963
598,ND,2006,70.02037037037036,24.131481481481483
599,ND,2007,66.80000000000001,9.055555555555555
600,ND,2008,69.97777777777779,5.333333333333332
601,ND,2009,64.72592592592592,8.944444444444445
602,ND,2010,64.79,9.655555555555555
603,ND,2011,68.99333333333333,14.88
604,ND,2012,69.81333333333335,21.790000000000003
605,ND,2013,67.09555555555556,15.035555555555556
606,ND,2014,65.92333333333333,14.923333333333332
607,ND,2015,68.36777777777779,21.43777777777778
608,ND,2016,68.99333333333333,22.897142857142857
609,NE,1996,72.10000000000001,22.963636363636365
610,NE,1997,70.45833333333333,26.141666666666666
611,NE,1998,72.10555555555555,30.100000000000005
612,NE,1999,72.67819217819216,31.4457264957265
613,NE,2000,75.7076923076923,19.241176470588236
614,NE,2001,74.0078431372549,28.784313725490197
615,NE,2002,79.17058823529412,27.676470588235297
616,NE,2003,62.952941176470574,24.723529411764705
617,NE,2004,72.27647058823528,26.54705882352941
618,NE,2005,73.97916666666667,27.651593137254906
619,NE,2006,74.27352941176471,35.14509803921569
620,NE,2007,74.9,21.72941176470588
621,NE,2008,76.42941176470589,20.81176470588235
622,NE,2009,69.80102707749766,29.116905929038282
623,NE,2010,73.6253968253968,23.934920634920633
624,NE,2011,74.81095238095239,24.73333333333333
625,NE,2012,76.36984126984126,32.65079365079365
626,NE,2013,72.48748832866481,28.173567251461986
627,NE,2014,69.75714285714287,27.72698412698413
628,NE,2015,72.38824463118581,32.355555555555554
629,NE,2016,73.86341269841269,31.455952380952386
630,NH,1996,65.85,29.224999999999998
631,NH,1997,63.800000000000004,22.361666666666668
632,NH,1998,65.91666666666667,27.48555555555556
633,NH,1999,67.12333333333333,23.316666666666663
634,NH,2000,64.74285714285715,20.128571428571426
635,NH,2001,64.47142857142858,23.228571428571428
636,NH,2002,69.04285714285716,22.699999999999996
637,NH,2003,63.028571428571425,16.514285714285712
638,NH,2004,67.92857142857142,23.414285714285715
639,NH,2005,68.39047619047619,21.238095238095237
640,NH,2006,67.97222222222221,28.071428571428573
641,NH,2007,69.5,19.828571428571426
642,NH,2008,69.95714285714286,22.228571428571428
643,NH,2009,63.84285714285715,20.084656084656086
644,NH,2010,68.33796296296298,25.01746031746032
645,NH,2011,67.2462962962963,23.292592592592587
646,NH,2012,68.4962962962963,27.75
647,NH,2013,68.73314814814815,24.04444444444444
648,NH,2014,66.25,21.074074074074076
649,NH,2015,66.66047619047619,17.184761904761903
650,NH,2016,68.09555555555555,29.242129629629627
651,NJ,1996,73.45,39.95
652,NJ,1997,72.63333333333334,35.91111111111111
653,NJ,1998,72.92555555555556,39.705555555555556
654,NJ,1999,74.64999999999999,35.28174603174603
655,NJ,2000,71.30000000000001,25.0
656,NJ,2001,70.33999999999999,33.596666666666664
657,NJ,2002,76.88,36.36
658,NJ,2003,67.84,27.079999999999995
659,NJ,2004,73.36,33.709999999999994
660,NJ,2005,75.13777777777779,31.450833333333335
661,NJ,2006,76.14333333333333,38.026666666666664
662,NJ,2007,75.8,27.72
663,NJ,2008,77.2,33.72
664,NJ,2009,70.69666666666666,31.626666666666665
665,NJ,2010,75.69333333333334,35.51
666,NJ,2011,74.9025925925926,33.53333333333334
667,NJ,2012,74.37185185185184,38.089999999999996
668,NJ,2013,73.7125925925926,34.61074074074073
669,NJ,2014,72.52,30.541515151515153
670,NJ,2015,73.73814814814814,28.05
671,NJ,2016,75.78939393939395,35.15
672,NM,1996,76.5,40.47500000000001
673,NM,1997,76.08333333333333,36.88333333333333
674,NM,1998,72.77129629629628,37.596097883597885
675,NM,1999,71.42222222222222,37.52962962962963
676,NM,2000,75.67777777777776,34.33571428571429
677,NM,2001,74.39285714285715,34.65714285714285
678,NM,2002,75.12857142857142,35.692857142857136
679,NM,2003,70.3,36.68571428571429
680,NM,2004,73.77857142857142,35.66428571428571
681,NM,2005,73.73611111111111,40.65238095238095
682,NM,2006,74.78333333333333,39.35
683,NM,2007,79.5,34.80714285714286
684,NM,2008,74.45714285714287,32.57857142857143
685,NM,2009,73.83184523809524,38.04285714285714
686,NM,2010,74.01666666666665,36.206250000000004
687,NM,2011,76.73750000000001,35.79416666666666
688,NM,2012,75.69583333333334,40.04736111111111
689,NM,2013,71.47823232323232,34.26222222222222
690,NM,2014,74.07535797535796,38.48222222222223
691,NM,2015,73.60837606837606,37.2259829059829
692,NM,2016,74.76816849816849,37.892918192918195
693,NV,1996,79.83333333333333,38.73333333333334
694,NV,1997,72.94444444444446,37.23095238095238
695,NV,1998,72.5,37.79047619047619
696,NV,1999,69.03809523809524,38.0047619047619
697,NV,2000,75.97142857142856,37.57
698,NV,2001,74.34969696969696,33.192424242424245
699,NV,2002,75.5030303030303,39.654545454545456
700,NV,2003,72.44000000000001,35.111111111111114
701,NV,2004,78.11000000000001,35.81
702,NV,2005,74.68650793650794,36.307500000000005
703,NV,2006,75.23954545454545,36.35121212121212
704,NV,2007,75.72,30.366666666666664
705,NV,2008,78.91538461538461,30.899999999999995
706,NV,2009,73.54166666666667,36.40940170940171
707,NV,2010,75.29523809523809,38.24444444444444
708,NV,2011,74.06433566433566,36.60769230769231
709,NV,2012,75.85128205128207,39.771153846153844
710,NV,2013,76.94777777777777,32.797435897435896
711,NV,2014,75.65641025641027,40.62359584859585
712,NV,2015,71.36068376068377,37.746153846153845
713,NV,2016,76.84871794871795,37.84685314685314
714,NY,1996,70.96666666666667,35.97777777777778
715,NY,1997,69.17000000000002,30.775185185185183
716,NY,1998,68.28750000000001,33.69260935143288
717,NY,1999,70.77490884072927,28.486666666666665
718,NY,2000,64.89090909090908,23.88333333333334
719,NY,2001,66.79885057471263,30.049381078691425
720,NY,2002,70.4197956577267,34.02413793103448
721,NY,2003,64.45517241379311,21.858620689655172
722,NY,2004,69.84482758620689,26.475862068965515
723,NY,2005,71.48066378066379,25.40109469074986
724,NY,2006,71.18241379310346,32.89183087027914
725,NY,2007,71.24000000000001,21.07857142857143
726,NY,2008,72.44074074074072,27.3
727,NY,2009,66.81685823754789,25.928772710418986
728,NY,2010,71.05691509084168,26.682974910394268
729,NY,2011,70.81616487455197,27.808602150537634
730,NY,2012,71.03161290322582,33.11150537634409
731,NY,2013,69.90074774440735,29.807526881720424
732,NY,2014,68.74651340996168,26.03888888888888
733,NY,2015,69.46770980101347,21.42861247947455
734,NY,2016,71.07933333333334,30.132688172043014
735,OH,1996,70.8,30.724999999999998
736,OH,1997,69.33,30.80626780626781
737,OH,1998,71.01746031746032,36.617543859649125
738,OH,1999,72.48642951251647,31.93068181818182
739,OH,2000,66.78333333333332,21.542307692307688
740,OH,2001,68.83461538461539,32.44871794871795
741,OH,2002,75.93846153846152,34.280769230769224
742,OH,2003,66.20769230769231,24.73461538461538
743,OH,2004,71.72307692307693,31.003846153846148
744,OH,2005,74.1281991744066,29.028974358974356
745,OH,2006,71.31743589743589,35.768589743589736
746,OH,2007,74.26666666666667,19.719230769230766
747,OH,2008,73.35000000000001,27.75769230769231
748,OH,2009,68.18846153846154,27.389743589743592
749,OH,2010,74.00502136752137,25.33974358974359
750,OH,2011,73.45297008547008,29.768820512820515
751,OH,2012,73.33440170940172,34.957692307692305
752,OH,2013,71.13076923076923,31.261538461538464
753,OH,2014,68.45835897435897,25.51639241917503
754,OH,2015,70.78589743589744,25.51153846153846
755,OH,2016,73.62798216276478,30.591142191142183
756,OK,1996,81.5,41.379999999999995
757,OK,1997,78.73555555555556,39.623333333333335
758,OK,1998,83.91538461538462,41.768001443001445
759,OK,1999,75.05,43.8915750915751
760,OK,2000,81.52857142857142,30.546666666666667
761,OK,2001,82.62444444444445,38.83555555555555
762,OK,2002,81.95333333333335,40.14666666666667
763,OK,2003,74.05333333333333,37.57333333333333
764,OK,2004,77.78,42.38
765,OK,2005,80.4163492063492,41.67460317460317
766,OK,2006,80.36,46.851111111111116
767,OK,2007,85.4,37.88666666666667
768,OK,2008,82.87857142857145,38.71333333333333
769,OK,2009,80.42949561403508,41.385185185185186
770,OK,2010,80.81452241715401,36.66890838206627
771,OK,2011,87.6416179337232,38.354385964912275
772,OK,2012,83.10877192982457,45.63333333333335
773,OK,2013,80.12554824561404,40.2911306042885
774,OK,2014,78.1456140350877,39.732066276803124
775,OK,2015,80.63256578947367,42.47182662538701
776,OK,2016,81.86518218623483,41.17120005897096
777,OR,1996,69.02857142857142,38.84285714285714
778,OR,1997,66.23878787878787,38.51424963924964
779,OR,1998,66.79361311776172,40.28192007797271
780,OR,1999,64.00263157894736,41.222027290448345
781,OR,2000,66.87894736842104,36.45238095238095
782,OR,2001,65.04761904761905,35.93708513708514
783,OR,2002,66.36594516594518,39.57121212121212
784,OR,2003,64.4090909090909,37.94090909090909
785,OR,2004,71.06818181818184,38.68181818181819
786,OR,2005,65.84761904761905,36.01666666666667
787,OR,2006,64.60151515151516,35.12727272727273
788,OR,2007,62.84000000000001,30.3
789,OR,2008,68.35000000000001,32.30909090909092
790,OR,2009,67.21619528619529,36.380461133069836
791,OR,2010,64.64583333333333,39.11861111111111
792,OR,2011,66.21527777777779,36.57795893719807
793,OR,2012,67.1138888888889,37.25416666666666
794,OR,2013,68.05580808080809,33.828804347826086
795,OR,2014,68.23460144927537,38.570611111111106
796,OR,2015,70.31942797540623,38.57777777777778
797,OR,2016,65.81563492063492,37.907777777777774
798,PA,1996,71.6125,31.8625
799,PA,1997,66.67185185185186,30.370707070707073
800,PA,1998,68.23939393939393,36.71818181818181
801,PA,1999,72.39467787114846,32.41284907902555
802,PA,2000,68.63684210526314,24.108695652173914
803,PA,2001,68.19855072463768,31.623188405797105
804,PA,2002,72.39446640316204,35.030434782608694
805,PA,2003,65.65652173913044,24.960869565217386
806,PA,2004,71.00434782608696,29.391304347826093
807,PA,2005,73.34848484848484,28.49579020013803
808,PA,2006,71.82121212121213,35.12173913043478
809,PA,2007,71.9,22.799999999999997
810,PA,2008,73.38000000000001,29.800000000000004
811,PA,2009,68.21066666666667,28.704700854700857
812,PA,2010,73.62870680044593,27.438410256410254
813,PA,2011,72.69347826086955,30.76805555555556
814,PA,2012,72.36914251207729,35.363888888888894
815,PA,2013,71.52826086956522,32.074999999999996
816,PA,2014,70.07131642512077,27.404770531400967
817,PA,2015,71.26147342995169,25.730736714975844
818,PA,2016,73.4330112721417,31.290961791831364
819,RI,1996,69.85,39.05
820,RI,1997,69.36666666666666,33.550000000000004
821,RI,1998,70.0,36.88333333333333
822,RI,1999,71.23888888888888,34.23888888888889
823,RI,2000,68.83333333333333,29.366666666666664
824,RI,2001,68.39999999999999,33.94444444444445
825,RI,2002,72.93333333333332,35.63333333333333
826,RI,2003,63.699999999999996,26.166666666666668
827,RI,2004,70.03333333333333,34.93333333333333
828,RI,2005,70.33888888888889,30.400000000000002
829,RI,2006,71.78888888888889,35.855555555555554
830,RI,2007,74.0,27.900000000000002
831,RI,2008,74.43333333333332,32.833333333333336
832,RI,2009,68.45555555555556,30.420000000000005
833,RI,2010,71.40666666666667,30.78
834,RI,2011,70.20666666666666,31.159999999999997
835,RI,2012,70.10666666666667,36.04666666666667
836,RI,2013,70.63777777777777,32.82666666666667
837,RI,2014,68.50833333333334,30.588333333333328
838,RI,2015,71.0111111111111,25.675555555555558
839,RI,2016,71.12,32.94888888888889
840,SC,1996,81.15,38.225
841,SC,1997,77.72166666666666,58.35833333333333
842,SC,1998,81.12388888888889,49.96888888888889
843,SC,1999,78.51333333333334,51.48
844,SC,2000,73.46666666666665,38.25
845,SC,2001,76.47222222222223,48.56388888888889
846,SC,2002,82.04166666666666,46.65
847,SC,2003,69.59166666666665,42.88333333333333
848,SC,2004,80.13333333333334,44.400000000000006
849,SC,2005,79.44272727272727,48.787373737373734
850,SC,2006,76.4888888888889,50.19722222222222
851,SC,2007,86.3,46.161538461538456
852,SC,2008,80.83333333333333,44.08461538461539
853,SC,2009,77.98055555555555,45.425274725274726
854,SC,2010,82.3247619047619,45.2808547008547
855,SC,2011,82.24222222222222,47.80142857142857
856,SC,2012,79.28534798534798,50.83569444444444
857,SC,2013,78.68188034188034,49.18
858,SC,2014,79.69819444444444,46.17931623931624
859,SC,2015,81.36934829059828,48.045535714285705
860,SC,2016,82.77523148148148,47.49645502645502
861,SD,1996,70.52499999999999,10.239999999999998
862,SD,1997,69.61444444444444,18.166666666666668
863,SD,1998,69.44374514374515,25.70787037037037
864,SD,1999,67.6784632034632,26.381452991453
865,SD,2000,72.54666666666667,10.774999999999999
866,SD,2001,71.33749999999999,21.385416666666668
867,SD,2002,77.44375,22.53125
868,SD,2003,64.13125000000001,18.61875
869,SD,2004,71.25625,24.587500000000002
870,SD,2005,71.29920634920636,22.480138888888888
871,SD,2006,73.35629629629629,28.303240740740744
872,SD,2007,70.78888888888888,15.525
873,SD,2008,72.775,14.468750000000002
874,SD,2009,66.7011574074074,23.523425925925924
875,SD,2010,68.24749455337691,15.572589869281046
876,SD,2011,71.52222222222223,18.747167755991285
877,SD,2012,73.67037037037038,26.992592592592597
878,SD,2013,69.83148148148149,21.6537037037037
879,SD,2014,67.56797385620915,20.94074074074074
880,SD,2015,70.08261437908497,27.659869281045747
881,SD,2016,71.83174019607844,26.04632352941177
882,TN,1996,76.375,43.025000000000006
883,TN,1997,75.09666666666666,41.083333333333336
884,TN,1998,77.77333333333333,44.24555555555556
885,TN,1999,78.85079365079366,43.48650793650794
886,TN,2000,78.67142857142858,32.25
887,TN,2001,76.30000000000001,41.94953703703704
888,TN,2002,79.22222222222223,40.900000000000006
889,TN,2003,71.56666666666666,39.08888888888889
890,TN,2004,76.55555555555554,39.63333333333333
891,TN,2005,77.51620370370371,43.24444444444444
892,TN,2006,75.83333333333333,43.69629629629629
893,TN,2007,83.7,40.77777777777778
894,TN,2008,78.10000000000001,36.13333333333333
895,TN,2009,74.32222222222222,39.27111111111111
896,TN,2010,80.12666666666665,38.99333333333333
897,TN,2011,79.0888888888889,40.94037037037037
898,TN,2012,77.43666666666667,44.69575757575757
899,TN,2013,75.75407407407408,42.85333333333333
900,TN,2014,74.47212121212121,37.837575757575756
901,TN,2015,77.48356902356903,39.84848484848485
902,TN,2016,79.34370370370371,40.083333333333336
903,TX,1996,77.808,53.435714285714276
904,TX,1997,80.81767195767196,50.20277777777778
905,TX,1998,85.73080103359173,54.66678450960041
906,TX,1999,82.0266623931624,54.192050014208576
907,TX,2000,85.04313725490196,43.47586206896552
908,TX,2001,82.77888888888887,50.45944444444445
909,TX,2002,81.51999999999998,51.08722222222223
910,TX,2003,80.05166666666665,50.069999999999986
911,TX,2004,82.18666666666667,50.43666666666666
912,TX,2005,83.60211935441457,54.248079096045196
913,TX,2006,81.79509122904511,55.94666666666666
914,TX,2007,83.14545454545454,52.50923076923077
915,TX,2008,83.8921875,49.03125000000001
916,TX,2009,84.95947312801933,52.09793790438951
917,TX,2010,82.9437127024723,50.28121786426135
918,TX,2011,85.9458099090452,49.95255496137849
919,TX,2012,82.9836741363212,54.19765300059419
920,TX,2013,83.0605051697379,51.62926346092121
921,TX,2014,82.34161545215099,51.32866762866763
922,TX,2015,83.64747474747477,50.80721500721501
923,TX,2016,84.08852036115721,53.18163959613694
924,UT,1996,73.4,0.0
925,UT,1997,70.0,32.36666666666667
926,UT,1998,70.93555555555555,33.25297619047618
927,UT,1999,71.66845238095239,33.82083333333333
928,UT,2000,76.4,28.877777777777776
929,UT,2001,71.25185185185184,28.155555555555555
930,UT,2002,77.28888888888888,23.41111111111111
931,UT,2003,66.9111111111111,29.244444444444444
932,UT,2004,73.36666666666667,25.03333333333333
933,UT,2005,69.32083333333334,32.12592592592592
934,UT,2006,75.74074074074075,30.43703703703704
935,UT,2007,71.52222222222221,20.466666666666665
936,UT,2008,76.39,20.09
937,UT,2009,69.86190476190477,27.339735449735446
938,UT,2010,71.03000000000002,27.44333333333333
939,UT,2011,71.19592592592592,25.725185185185182
940,UT,2012,73.69333333333334,32.75333333333334
941,UT,2013,74.79555555555557,19.70925925925926
942,UT,2014,71.33037037037037,31.84962962962963
943,UT,2015,70.93518518518518,30.55
944,UT,2016,73.88259259259259,28.666666666666668
945,VA,1996,76.4375,43.559999999999995
946,VA,1997,66.87870370370369,40.8289417989418
947,VA,1998,76.02380952380953,43.57142857142858
948,VA,1999,75.95416666666667,42.03333333333333
949,VA,2000,73.81249999999999,32.41
950,VA,2001,72.34666666666668,41.303333333333335
951,VA,2002,78.87000000000002,39.019999999999996
952,VA,2003,71.39,36.87
953,VA,2004,77.16,38.57999999999999
954,VA,2005,77.38842592592592,42.553333333333335
955,VA,2006,74.87936507936509,44.135925925925925
956,VA,2007,79.74285714285715,35.93846153846154
957,VA,2008,78.16428571428571,39.56428571428571
958,VA,2009,74.94395604395605,39.58919413919414
959,VA,2010,79.81920634920634,39.45805860805861
960,VA,2011,78.50238095238096,42.00695970695971
961,VA,2012,77.55897435897437,44.81282051282051
962,VA,2013,76.96849816849816,42.11904761904762
963,VA,2014,75.99333333333334,39.24444444444445
964,VA,2015,77.2676923076923,38.784444444444446
965,VA,2016,78.76968253968253,40.57650793650794
966,VT,1996,67.125,30.975
967,VT,1997,65.19166666666666,21.850000000000005
968,VT,1998,65.85333333333334,26.61111111111111
969,VT,1999,67.60555555555555,23.087777777777777
970,VT,2000,65.00000000000001,18.150000000000002
971,VT,2001,61.327777777777776,23.704444444444448
972,VT,2002,68.48333333333333,25.166666666666668
973,VT,2003,63.333333333333336,15.783333333333333
974,VT,2004,67.93333333333334,19.166666666666668
975,VT,2005,69.08333333333333,20.519444444444446
976,VT,2006,67.86666666666666,25.78888888888889
977,VT,2007,69.9,14.4
978,VT,2008,69.03333333333335,21.483333333333334
979,VT,2009,63.975,19.683333333333334
980,VT,2010,67.57777777777778,22.397777777777776
981,VT,2011,67.45,21.036666666666665
982,VT,2012,68.19999999999999,26.222222222222225
983,VT,2013,67.3611111111111,22.146666666666665
984,VT,2014,66.26666666666667,14.64722222222222
985,VT,2015,67.5,15.661111111111111
986,VT,2016,67.81666666666666,24.872222222222224
987,WA,1996,64.61666666666667,32.787499999999994
988,WA,1997,63.51916666666667,38.135185185185186
989,WA,1998,66.07197802197804,38.508293650793654
990,WA,1999,61.77660455486543,39.68656126482213
991,WA,2000,65.16086956521741,33.45217391304348
992,WA,2001,62.029333333333334,37.8325
993,WA,2002,67.41923076923078,37.276
994,WA,2003,63.26923076923076,35.650000000000006
995,WA,2004,69.44615384615386,38.32307692307692
996,WA,2005,64.39933333333333,36.41410256410256
997,WA,2006,64.69807692307693,38.094824311490974
998,WA,2007,63.075,37.166666666666664
999,WA,2008,65.86296296296297,30.934615384615377
1000,WA,2009,66.37130508819665,36.0187440645774
1001,WA,2010,63.34047619047618,38.86785714285714
1002,WA,2011,64.47460317460316,36.729188712522046
1003,WA,2012,65.2555114638448,37.23589065255732
1004,WA,2013,66.66384479717811,35.53443223443224
1005,WA,2014,67.39052028218696,39.48237037037037
1006,WA,2015,69.57373490706823,38.87464387464387
1007,WA,2016,65.11471984805318,38.74935897435898
1008,WI,1996,68.1875,20.888888888888886
1009,WI,1997,63.47037037037037,21.20148148148148
1010,WI,1998,67.73055555555555,27.214871794871794
1011,WI,1999,68.52454212454212,22.401800976800974
1012,WI,2000,62.51538461538462,10.177777777777777
1013,WI,2001,68.97777777777777,22.1537037037037
1014,WI,2002,73.36111111111111,26.08888888888889
1015,WI,2003,63.51666666666668,15.583333333333334
1016,WI,2004,67.8111111111111,22.500000000000004
1017,WI,2005,70.95164835164836,21.311111111111114
1018,WI,2006,70.37037037037037,28.400000000000006
1019,WI,2007,72.0,13.822222222222221
1020,WI,2008,70.21176470588235,14.83888888888889
1021,WI,2009,64.33703703703704,16.903021442495128
1022,WI,2010,70.65964912280701,19.32582846003898
1023,WI,2011,69.67977869510378,20.905263157894737
1024,WI,2012,71.73109161793373,26.05614035087719
1025,WI,2013,68.29171539961014,21.945029239766086
1026,WI,2014,65.2263157894737,14.873684210526315
1027,WI,2015,67.53304093567252,20.065984405458092
1028,WI,2016,70.11052631578947,21.86359649122807
1029,WV,1996,69.83333333333333,38.25
1030,WV,1997,69.59166666666668,35.75833333333333
1031,WV,1998,70.65238095238095,40.56944444444444
1032,WV,1999,72.64571428571428,40.023809523809526
1033,WV,2000,69.4857142857143,23.560000000000002
1034,WV,2001,68.49666666666667,36.01666666666667
1035,WV,2002,74.62,36.11
1036,WV,2003,66.05,30.339999999999996
1037,WV,2004,72.17999999999999,34.91
1038,WV,2005,74.04074074074076,38.00333333333334
1039,WV,2006,71.825,41.23500000000001
1040,WV,2007,76.525,25.76
1041,WV,2008,72.41,32.61
1042,WV,2009,69.07583333333334,31.80090909090909
1043,WV,2010,73.56727272727272,32.64666666666667
1044,WV,2011,72.85454545454546,34.71515151515151
1045,WV,2012,71.8949494949495,37.82424242424242
1046,WV,2013,71.26424242424243,34.78181818181818
1047,WV,2014,68.00272727272726,30.910909090909087
1048,WV,2015,71.74484848484848,30.960606060606057
1049,WV,2016,73.51212121212122,33.366329966329964
1050,WY,1996,70.26666666666667,24.68
1051,WY,1997,66.59166666666668,22.493333333333336
1052,WY,1998,64.61845238095238,27.237272727272728
1053,WY,1999,66.75111111111111,27.836783216783218
1054,WY,2000,65.8076923076923,18.450000000000003
1055,WY,2001,67.99607843137255,24.20208333333333
1056,WY,2002,72.5529411764706,20.929411764705883
1057,WY,2003,59.02352941176471,19.929411764705875
1058,WY,2004,67.28823529411765,24.011764705882356
1059,WY,2005,65.32143790849675,26.798039215686277
1060,WY,2006,65.49313725490195,27.402941176470588
1061,WY,2007,65.6705882352941,17.826666666666668
1062,WY,2008,70.25294117647059,15.849999999999998
1063,WY,2009,62.67770897832818,24.3192265795207
1064,WY,2010,64.80000000000001,22.28421052631579
1065,WY,2011,66.57914230019493,24.09948400412797
1066,WY,2012,69.23333333333333,28.341130604288498
1067,WY,2013,68.33209494324045,23.19249512670565
1068,WY,2014,64.37894736842105,25.65438596491228
1069,WY,2015,65.28974314872147,25.229824561403504
1070,WY,2016,67.43677903910101,25.995250753145488
